Nom,QID
Jean-Paul Abadie,Q16269549
François Adamski,Q53775759
Yannick Alléno,Q2896218
Frédéric Anton,Q3089575
Ghislaine Arabian,Q3104895
Christophe Aribert,Q9126804
Bernard Bach,Q1345705
Jérôme Banctel,Q105396989
Jean-Marc Banzo,Q3167322
Pascal Barbot,Q587303
Jean Bardet,Q95316539
Charles Barrier,Q1063664
Pascal Bastian,Q33103496
Olivier Bellin,Q3350809
Akrame Benallal,Q3121185
Benoît Bernard,Q2896437
Patrick Bertron,Q3369238
Georges Blanc,Q279049
Raymond Blanc,Q967283
Paul Bocuse,Q230043
Philippe Bohrer,Q3121163
Dominique Bouchet,Q2945159
Daniel Boulud,Q282673
Michel Bras,Q299506
Éric Briffard,Q3587292
Michel Bruneau,Q23969006
Cédric Burtin,Q3121139
Patrice Caillault,Q3121208
Paule Castaing,Q3121264
Laurent Cesne,Q3121229
Alain Chapel,Q467351
Jean-André Charial,Q3160377
Christian Constant,Q299515
Yoann Conte,Q3361735
Philippe Conticini,Q318355
Alexandre Couillon,Q3298660
Christopher Coutanceau,Q3089520
Dominique Crenn,Q936584
Christophe Cussac,Q3121145
André Daguin,Q3387003
Jacques Decoret,Q3183579
Jean Delaveyne,Q3183573
Diego Delbecq,Q110655883
Camille Delcroix,Q47590936
Yannick Delpech,Q3212445
Annie Desvignes,Q3121175
Fabrice Desvignes,Q3351849
Dimitri Droisneau,Q3367361
Arnaud Donckele,Q3213491
Thierry Drapeau,Q3350814
Alain Ducasse,Q106433
Alexandre Dumaine,Q2826792
Alain Dutournier,Q2849380
Lydia Egloff,Q6849269
Gilles Épié,Q3121189
Philippe Etchebest,Q3121204
Fabienne Eymard,Q108572346
Nicole Fagegaltier,Q3350758
Coline Faulquier,Q3350817
Vincent Favre-Félix,Q3350810
Annie Féolde,Q3350779
Fabien Ferré,Q3121154
Denis Fétisson,Q3350823
Romain Fornell,Q3434918
Éric Frechon,Q1395216
Pierre Gagnaire,Q465354
David Gallienne,Q96833592
Daniel Galmiche,Q20968890
Alexandre Gauthier,Q3121240
Alan Geaam,Q3350798
Philippe Geneletti,Q3350790
Jean-Luc Germond,Q3350813
Lionel Giraud,Q3350821
Gilles Goujon,Q3121181
Michel Guérard,Q316528
Éric Guérin,Q3121187
Sylvain Guillemot,Q3350825
Christopher Hache,Q3350792
Marc et Paul Haeberlin,Q18192276
Christophe Hay,Q3350827
Patrick Henriroux,Q3350819
Jean Imbert,Q3121165
Patrick Jeffroy,Q3183594
Jérôme Ryon,Q3121160
Jean-Paul Jeunet,Q3160374
Émile Jung,Q540119
Hubert Keller,Q1395273
Jean-Georges Klein,Q3192209
Philippe Labbé,Q3350816
Florent Ladeyn,Q3350762
Arnaud Lallement,Q3213383
Jean-Robert Laloy,Q3350812
Jacques Lameloise,Q2849445
Guy Lassausaie,Q3350811
René Lasserre,Q3350783
Jean Le Hir,Q3350803
William Ledeuil,Q3587309
Jacques Le Divellec,Q3183581
Guy Legay,Q3350764
Philippe Legendre,Q3183567
Julien Lemarié,Q3350801
Stéphanie Le Quellec,Q3183589
Christian Le Squer,Q3121245
Cyril Lignac,Q323634
Hubert Maetz,Q3350771
Jacques Manière,Q3183560
Grégory Marchand,Q3121215
Régis Marcon,Q3434954
Christophe Marguin,Q3121195
David Martin,Q3350787
Guy Martin,Q299510
Thierry Marx,Q1771374
Jacques Maximin,Q3183551
Alexandre Mazzia,Q3121190
Romain Meder,Q3350781
Marc Meneau,Q2836919
Victor Mercier,Q3350775
Marc Meurin,Q3350767
Michel Del Burgo,Q3350777
Olivier Nasti,Q3121131
Jean-Louis Nomicos,Q3183574
Bruno Oger,Q2913712
Raymond Oliver,Q3192256
Pierre Orsi,Q3183559
Louis Outhier,Q3350789
Bernard Pacaud,Q3213062
Mathieu Pacaud,Q3183584
Paul Pairet,Q710513
Guillaume Pape,Q3121137
Alain Passard,Q282670
Gérald Passedat,Q2814169
Alain Pégouret,Q3350820
Franck Pelux,Q3350785
Laurent Petit,Q3350786
Laurent Peugeot,Q3350780
Anne-Sophie Pic,Q135613
Jacques Pic,Q3183601
Jean-François Piège,Q3183595
Fernand Point,Q2426210
Michel Portos,Q3298659
Jacques et Laurent Pourcel,Q3160368
Éric Pras,Q3400212
Franck Putelat,Q3183562
Jean-Luc Rabanel,Q3183563
Gilles Reinhardt,Q3350794
Emmanuel Renaut,Q3213122
Baptiste Renouard,Q96151359
Éric Ripert,Q4353918
Joël Robuchon,Q463258
Jean-Luc Rocha,Q3350768
Hugo Roellinger,Q3350766
Olivier Roellinger,Q3102382
Michel Roth,Q1002403
Michel Roux Jr,Q237067
Alain Roux,Q3121143
Albert Roux,Q1139456
Michel Roux Sr,Q1515020
Thibaut Ruggeri,Q3350773
Mory Sacko,Q109837095
Christophe Saintagne,Q3121197
Nicolas Sale,Q3350770
Guillaume Sanchez,Q3350784
Michel Sarran,Q1221143
Guy Savoy,Q1462079
Alain Senderens,Q1292313
Frédéric Simonin,Q3121252
Christian Sinicropi,Q5146918
Jean Sulpice,Q3121179
Christian Têtedoie,Q4537613
Vincent Thierry,Q4297813
Yves Thuriès,Q1394612
Stéphane Tournié,Q15519690
Ludovic Turac,Q3121157
Frédéric Vardon,Q3350796
Sébastien Vauxion,Q3121193
Roger Vergé,Q2904017
Marc Veyrat,Q1103536
Mathieu Viannay,Q3183607
Gérard Vié,Q3350776
Serge Vieira,Q3446849
Glenn Viel,Q3350793
Jean-Pierre Vigato,Q3434933
Benoît Violier,Q6618111
Sylvestre Wahid,Q3089570
Antoine Westermann,Q3183553
David Zuddas,Q3121222
